{"stats":{"minecraft:custom":{"minecraft:time_since_rest":363951,"minecraft:crouch_one_cm":10675,"minecraft:sprint_one_cm":343437,"minecraft:play_time":681668,"minecraft:damage_taken":1735,"minecraft:deaths":3,"minecraft:walk_one_cm":454570,"minecraft:sneak_time":1871,"minecraft:mob_kills":107,"minecraft:jump":579,"minecraft:damage_dealt":7317,"minecraft:leave_game":11,"minecraft:time_since_death":363907,"minecraft:total_world_time":681668,"minecraft:talked_to_villager":10,"minecraft:fall_one_cm":9684,"minecraft:fly_one_cm":292106},"minecraft:used":{"minecraft:golden_sword":53,"minecraft:sand":7,"minecraft:diamond_axe":118,"minecraft:gravel":1},"minecraft:picked_up":{"minecraft:firework_star":22,"minecraft:rotten_flesh":9,"minecraft:iron_ingot":1,"minecraft:player_head":5,"minecraft:string":2,"minecraft:ender_pearl":1},"minecraft:killed":{"minecraft:cat":1,"minecraft:piglin":2,"minecraft:zombie":12,"minecraft:zombified_piglin":3,"minecraft:piglin_brute":11,"minecraft:strider":2,"minecraft:villager":59,"minecraft:enderman":9}},"DataVersion":2730}