{"stats":{"minecraft:dropped":{"minecraft:chest":1},"minecraft:killed":{"minecraft:iron_golem":6,"minecraft:zombie":16,"minecraft:wither_skeleton":1,"minecraft:zombified_piglin":1,"minecraft:enderman":1,"minecraft:giant":6,"minecraft:blaze":1},"minecraft:picked_up":{"minecraft:firework_star":2,"minecraft:chest":1},"minecraft:custom":{"minecraft:time_since_rest":18949,"minecraft:crouch_one_cm":2654,"minecraft:deaths":25,"minecraft:sprint_one_cm":143051,"minecraft:play_time":33100,"minecraft:walk_one_cm":99230,"minecraft:damage_taken":300,"minecraft:damage_absorbed":260,"minecraft:sneak_time":724,"minecraft:mob_kills":33,"minecraft:drop":1,"minecraft:jump":101,"minecraft:damage_dealt":0,"minecraft:leave_game":5,"minecraft:time_since_death":18903,"minecraft:total_world_time":33100,"minecraft:fall_one_cm":29443,"minecraft:fly_one_cm":31363},"minecraft:used":{"minecraft:iron_sword":12}},"DataVersion":2730}