{"stats":{"minecraft:dropped":{"minecraft:player_head":4},"minecraft:picked_up":{"minecraft:rotten_flesh":1,"minecraft:iron_ingot":4,"minecraft:poppy":2},"minecraft:custom":{"minecraft:time_since_rest":8282,"minecraft:crouch_one_cm":17735,"minecraft:play_time":19187,"minecraft:sprint_one_cm":55188,"minecraft:walk_one_cm":148057,"minecraft:damage_taken":0,"minecraft:deaths":22,"minecraft:sneak_time":802,"minecraft:mob_kills":3,"minecraft:drop":4,"minecraft:jump":203,"minecraft:damage_dealt":0,"minecraft:leave_game":1,"minecraft:time_since_death":8237,"minecraft:total_world_time":19187,"minecraft:fall_one_cm":269,"minecraft:fly_one_cm":82988},"minecraft:used":{"minecraft:diamond_sword":8,"minecraft:leather_leggings":2,"minecraft:fishing_rod":30,"minecraft:firework_rocket":1,"minecraft:leather_chestplate":1,"minecraft:leather_boots":1}},"DataVersion":2730}