{"stats":{"minecraft:dropped":{"minecraft:enchanted_book":2,"minecraft:leather_chestplate":2,"minecraft:iron_sword":2,"minecraft:stone":1,"minecraft:gray_stained_glass":1,"minecraft:player_head":12,"minecraft:tnt":50,"minecraft:ender_pearl":4,"minecraft:nether_brick":1,"minecraft:leather_boots":1,"minecraft:cobblestone":1295,"minecraft:golden_sword":1,"minecraft:barrier":1,"minecraft:leather_leggings":1,"minecraft:rotten_flesh":8,"minecraft:bow":4,"minecraft:wooden_pickaxe":1,"minecraft:paper":1,"minecraft:tripwire_hook":8,"minecraft:quartz":1,"minecraft:nether_bricks":1,"minecraft:gray_carpet":1,"minecraft:black_wool":1,"minecraft:red_carpet":3,"minecraft:stick":2,"minecraft:light":2},"minecraft:killed":{"minecraft:zombie":1823,"minecraft:giant":91,"minecraft:iron_golem":247,"minecraft:blaze":3},"minecraft:picked_up":{"minecraft:light":1,"minecraft:red_carpet":2,"minecraft:rotten_flesh":10,"minecraft:player_head":4,"minecraft:diamond_helmet":1,"minecraft:cobblestone":1344},"minecraft:custom":{"minecraft:time_since_rest":359494,"minecraft:damage_taken":117,"minecraft:sprint_one_cm":1195891,"minecraft:damage_absorbed":326,"minecraft:walk_one_cm":2118867,"minecraft:mob_kills":2165,"minecraft:drop":64,"minecraft:damage_dealt":9095,"minecraft:damage_dealt_absorbed":0,"minecraft:fly_one_cm":1120996,"minecraft:crouch_one_cm":125688,"minecraft:play_time":1532364,"minecraft:deaths":28,"minecraft:sneak_time":12651,"minecraft:jump":873,"minecraft:leave_game":46,"minecraft:time_since_death":359449,"minecraft:total_world_time":1532241,"minecraft:fall_one_cm":71039},"minecraft:used":{"minecraft:black_wool":1,"minecraft:diamond_shovel":1,"minecraft:gray_carpet":1,"minecraft:barrier":1,"minecraft:stone":2,"minecraft:iron_sword":309,"minecraft:red_carpet":29,"minecraft:bow":3,"minecraft:nether_bricks":1,"minecraft:cobblestone_wall":1}},"DataVersion":2730}