{"stats":{"minecraft:killed":{"minecraft:iron_golem":38,"minecraft:zombie":75},"minecraft:picked_up":{"minecraft:rotten_flesh":30,"minecraft:iron_ingot":12,"minecraft:poppy":2},"minecraft:custom":{"minecraft:time_since_rest":22742,"minecraft:deaths":6,"minecraft:crouch_one_cm":4719,"minecraft:sprint_one_cm":328422,"minecraft:play_time":26151,"minecraft:walk_one_cm":324772,"minecraft:damage_taken":0,"minecraft:damage_absorbed":150,"minecraft:sneak_time":368,"minecraft:mob_kills":163,"minecraft:jump":379,"minecraft:damage_dealt":5451,"minecraft:leave_game":3,"minecraft:time_since_death":22696,"minecraft:total_world_time":26151,"minecraft:fall_one_cm":7410,"minecraft:fly_one_cm":262503},"minecraft:used":{"minecraft:diamond_sword":14,"minecraft:leather_leggings":1,"minecraft:leather_chestplate":1,"minecraft:iron_sword":93,"minecraft:leather_boots":1}},"DataVersion":2730}