{"stats":{"minecraft:custom":{"minecraft:jump":172,"minecraft:time_since_rest":11002,"minecraft:leave_game":1,"minecraft:damage_taken":90,"minecraft:sprint_one_cm":17935,"minecraft:play_time":11002,"minecraft:time_since_death":11002,"minecraft:walk_one_cm":20658,"minecraft:sneak_time":5,"minecraft:total_world_time":11002,"minecraft:fall_one_cm":836,"minecraft:fly_one_cm":39293},"minecraft:used":{"minecraft:leather_chestplate":1,"minecraft:leather_leggings":1,"minecraft:leather_boots":1},"minecraft:picked_up":{"minecraft:leather_boots":1,"minecraft:leather_chestplate":1,"minecraft:player_head":1,"minecraft:feather":1,"minecraft:leather_leggings":1}},"DataVersion":2730}