{"stats":{"minecraft:dropped":{"minecraft:iron_sword":1,"minecraft:anvil":1,"minecraft:arrow":384,"minecraft:player_head":3,"minecraft:leather_boots":1},"minecraft:picked_up":{"minecraft:leather_boots":1,"minecraft:arrow":384,"minecraft:bow":1,"minecraft:player_head":66,"minecraft:iron_sword":1},"minecraft:custom":{"minecraft:time_since_rest":50773,"minecraft:deaths":2,"minecraft:walk_one_cm":25732,"minecraft:crouch_one_cm":496,"minecraft:sprint_one_cm":18236,"minecraft:play_time":57140,"minecraft:damage_taken":50,"minecraft:damage_absorbed":220,"minecraft:sneak_time":414,"minecraft:drop":12,"minecraft:jump":129,"minecraft:leave_game":2,"minecraft:time_since_death":50724,"minecraft:total_world_time":57140,"minecraft:fall_one_cm":4263,"minecraft:fly_one_cm":95083},"minecraft:used":{"minecraft:leather_leggings":1,"minecraft:bow":3,"minecraft:command_block":1,"minecraft:stone_button":1}},"DataVersion":2730}