{"stats":{"minecraft:killed":{"minecraft:zombie":2,"minecraft:chicken":1},"minecraft:picked_up":{"minecraft:leather_chestplate":1,"minecraft:leather_boots":1,"minecraft:feather":1,"minecraft:chicken":1,"minecraft:rotten_flesh":2,"minecraft:leather_leggings":2,"minecraft:player_head":1},"minecraft:custom":{"minecraft:time_since_rest":14682,"minecraft:crouch_one_cm":138,"minecraft:sprint_one_cm":59906,"minecraft:play_time":25254,"minecraft:deaths":4,"minecraft:walk_one_cm":43092,"minecraft:sneak_time":10,"minecraft:mob_kills":3,"minecraft:jump":313,"minecraft:damage_dealt":1,"minecraft:leave_game":6,"minecraft:time_since_death":14637,"minecraft:total_world_time":25254,"minecraft:fall_one_cm":5106,"minecraft:fly_one_cm":97646},"minecraft:used":{"minecraft:diamond_axe":16,"minecraft:golden_axe":45,"minecraft:leather_boots":1}},"DataVersion":2730}