{"stats":{"minecraft:dropped":{"minecraft:iron_ingot":15,"minecraft:poppy":5,"minecraft:leather_chestplate":4,"minecraft:player_head":799,"minecraft:blaze_rod":1,"minecraft:ender_pearl":8,"minecraft:nether_star":1,"minecraft:leather_boots":4,"minecraft:prismarine_crystals":59,"minecraft:cobblestone":7,"minecraft:potion":12,"minecraft:feather":2,"minecraft:leather_leggings":4,"minecraft:rotten_flesh":19,"minecraft:gold_nugget":1,"minecraft:wither_rose":1,"minecraft:wet_sponge":2,"minecraft:leather":9,"minecraft:bow":2,"minecraft:blaze_powder":2,"minecraft:name_tag":1,"minecraft:magma_cream":7,"minecraft:paper":1,"minecraft:coal":1,"minecraft:netherrack":2,"minecraft:cod":1},"minecraft:killed":{"minecraft:magma_cube":23,"minecraft:zombie":63,"minecraft:zombified_piglin":8,"minecraft:mooshroom":18,"minecraft:giant":1,"minecraft:elder_guardian":9,"minecraft:endermite":5,"minecraft:iron_golem":24,"minecraft:wither_skeleton":9,"minecraft:blaze":15},"minecraft:picked_up":{"minecraft:fishing_rod":1,"minecraft:leather_chestplate":2,"minecraft:magma_cream":11,"minecraft:prismarine_shard":1,"minecraft:leather_leggings":2,"minecraft:leather":17,"minecraft:leather_boots":1,"minecraft:rotten_flesh":20,"minecraft:bow":1,"minecraft:beef":49,"minecraft:iron_ingot":15,"minecraft:player_head":1253,"minecraft:poppy":5,"minecraft:blaze_rod":1,"minecraft:netherrack":4,"minecraft:iron_sword":1,"minecraft:cod":1,"minecraft:nether_star":17,"minecraft:blaze_powder":4,"minecraft:cobblestone":10,"minecraft:wet_sponge":2},"minecraft:custom":{"minecraft:time_since_rest":212823,"minecraft:sprint_one_cm":979057,"minecraft:damage_taken":2122,"minecraft:damage_absorbed":78,"minecraft:walk_one_cm":1034518,"minecraft:mob_kills":204,"minecraft:drop":98,"minecraft:damage_dealt":22275,"minecraft:fly_one_cm":1360881,"minecraft:play_time":1692166,"minecraft:crouch_one_cm":139258,"minecraft:deaths":27,"minecraft:sneak_time":17606,"minecraft:jump":736,"minecraft:leave_game":42,"minecraft:time_since_death":212751,"minecraft:total_world_time":1689559,"minecraft:fall_one_cm":134965},"minecraft:used":{"minecraft:stone_sword":222,"minecraft:diamond_shovel":1,"minecraft:iron_sword":282,"minecraft:diamond_sword":144,"minecraft:golden_sword":202,"minecraft:fishing_rod":215,"minecraft:potion":10,"minecraft:end_portal_frame":1}},"DataVersion":2730}