{
  "minecraft:recipes/decorations/campfire": {
    "criteria": {
      "has_stick": "2024-01-07 02:50:27 +0100"
    },
    "done": true
  },
  "minecraft:recipes/combat/wooden_sword": {
    "criteria": {
      "has_stick": "2024-01-07 02:50:27 +0100"
    },
    "done": true
  },
  "minecraft:recipes/misc/iron_nugget_from_blasting": {
    "criteria": {
      "has_iron_sword": "2024-01-07 02:50:26 +0100"
    },
    "done": true
  },
  "minecraft:recipes/redstone/dispenser": {
    "criteria": {
      "has_bow": "2024-01-07 02:50:26 +0100"
    },
    "done": true
  },
  "minecraft:recipes/tools/wooden_pickaxe": {
    "criteria": {
      "has_stick": "2024-01-07 02:50:27 +0100"
    },
    "done": true
  },
  "minecraft:recipes/tools/wooden_axe": {
    "criteria": {
      "has_stick": "2024-01-07 02:50:27 +0100"
    },
    "done": true
  },
  "minecraft:recipes/decorations/ladder": {
    "criteria": {
      "has_stick": "2024-01-07 02:50:27 +0100"
    },
    "done": true
  },
  "minecraft:recipes/decorations/chest": {
    "criteria": {
      "has_lots_of_items": "2024-01-07 02:50:26 +0100"
    },
    "done": true
  },
  "minecraft:recipes/misc/gold_nugget_from_smelting": {
    "criteria": {
      "has_golden_horse_armor": "2024-01-07 02:50:26 +0100"
    },
    "done": true
  },
  "minecraft:recipes/brewing/blaze_powder": {
    "criteria": {
      "has_blaze_rod": "2024-01-07 02:50:26 +0100"
    },
    "done": true
  },
  "minecraft:recipes/tools/wooden_shovel": {
    "criteria": {
      "has_stick": "2024-01-07 02:50:27 +0100"
    },
    "done": true
  },
  "minecraft:recipes/misc/red_dye_from_poppy": {
    "criteria": {
      "has_red_flower": "2024-02-17 23:22:13 +0100"
    },
    "done": true
  },
  "minecraft:recipes/decorations/soul_campfire": {
    "criteria": {
      "has_stick": "2024-01-07 02:50:27 +0100"
    },
    "done": true
  },
  "minecraft:recipes/combat/crossbow": {
    "criteria": {
      "has_stick": "2024-01-07 02:50:27 +0100"
    },
    "done": true
  },
  "minecraft:nether/obtain_blaze_rod": {
    "criteria": {
      "blaze_rod": "2024-01-07 02:50:26 +0100"
    },
    "done": true
  },
  "minecraft:recipes/tools/wooden_hoe": {
    "criteria": {
      "has_stick": "2024-01-07 02:50:27 +0100"
    },
    "done": true
  },
  "minecraft:recipes/misc/coal": {
    "criteria": {
      "has_coal_block": "2024-02-17 23:22:13 +0100"
    },
    "done": true
  },
  "minecraft:recipes/building_blocks/coal_block": {
    "criteria": {
      "has_coal": "2024-02-17 23:22:13 +0100"
    },
    "done": true
  },
  "minecraft:recipes/misc/beacon": {
    "criteria": {
      "has_nether_star": "2024-01-07 02:50:27 +0100"
    },
    "done": true
  },
  "minecraft:recipes/misc/iron_nugget_from_smelting": {
    "criteria": {
      "has_iron_sword": "2024-01-07 02:50:26 +0100"
    },
    "done": true
  },
  "minecraft:recipes/misc/gold_nugget_from_blasting": {
    "criteria": {
      "has_golden_horse_armor": "2024-01-07 02:50:26 +0100"
    },
    "done": true
  },
  "minecraft:recipes/brewing/brewing_stand": {
    "criteria": {
      "has_blaze_rod": "2024-01-07 02:50:26 +0100"
    },
    "done": true
  },
  "minecraft:adventure/adventuring_time": {
    "criteria": {
      "minecraft:mountains": "2024-02-17 23:22:49 +0100",
      "minecraft:forest": "2024-03-13 19:08:29 +0100",
      "minecraft:taiga": "2024-03-13 19:08:47 +0100",
      "minecraft:snowy_tundra": "2024-03-13 19:08:46 +0100",
      "minecraft:desert": "2024-03-13 19:07:07 +0100",
      "minecraft:jungle": "2024-03-13 19:08:55 +0100",
      "minecraft:birch_forest": "2024-03-13 19:08:45 +0100",
      "minecraft:dark_forest": "2024-02-17 23:23:18 +0100",
      "minecraft:river": "2024-02-17 23:22:30 +0100",
      "minecraft:wooded_mountains": "2024-02-17 23:22:58 +0100",
      "minecraft:swamp": "2024-03-13 19:09:03 +0100",
      "minecraft:savanna": "2024-03-13 19:08:50 +0100",
      "minecraft:plains": "2024-01-07 02:50:27 +0100"
    },
    "done": false
  },
  "DataVersion": 2584
}