{
  "minecraft:recipes/combat/arrow": {
    "criteria": {
      "has_feather": "2022-10-30 15:03:22 +0100"
    },
    "done": true
  },
  "minecraft:nether/root": {
    "criteria": {
      "entered_nether": "2022-10-30 15:03:01 +0100"
    },
    "done": true
  },
  "minecraft:recipes/misc/beacon": {
    "criteria": {
      "has_nether_star": "2022-10-30 15:03:01 +0100"
    },
    "done": true
  },
  "minecraft:story/enter_the_nether": {
    "criteria": {
      "entered_nether": "2022-10-30 15:03:01 +0100"
    },
    "done": true
  },
  "minecraft:nether/explore_nether": {
    "criteria": {
      "minecraft:nether_wastes": "2022-10-30 15:03:01 +0100"
    },
    "done": false
  },
  "DataVersion": 2730
}