{"stats":{"minecraft:picked_up":{"minecraft:player_head":20,"minecraft:wooden_pickaxe":1,"minecraft:prismarine_crystals":276,"minecraft:cobblestone":133},"minecraft:custom":{"minecraft:jump":146,"minecraft:time_since_rest":6796,"minecraft:crouch_one_cm":1618,"minecraft:leave_game":1,"minecraft:sprint_one_cm":9464,"minecraft:play_time":6796,"minecraft:time_since_death":6796,"minecraft:walk_one_cm":13369,"minecraft:sneak_time":1010,"minecraft:total_world_time":6796,"minecraft:fall_one_cm":3212,"minecraft:fly_one_cm":32289}},"DataVersion":2730}