{"stats":{"minecraft:dropped":{"minecraft:golden_boots":1,"minecraft:diamond_sword":1,"minecraft:leather_chestplate":1,"minecraft:iron_sword":1,"minecraft:golden_helmet":1,"minecraft:player_head":40,"minecraft:golden_chestplate":2,"minecraft:glass_bottle":1,"minecraft:leather_boots":1,"minecraft:golden_leggings":2,"minecraft:prismarine_shard":1,"minecraft:cobblestone":7,"minecraft:potion":4,"minecraft:leather_leggings":1,"minecraft:prismarine_crystals":362,"minecraft:bow":1,"minecraft:arrow":128},"minecraft:killed":{"minecraft:zombie":3},"minecraft:picked_up":{"minecraft:golden_helmet":1,"minecraft:leather_chestplate":1,"minecraft:prismarine_shard":1,"minecraft:leather_leggings":1,"minecraft:golden_leggings":2,"minecraft:diamond_sword":1,"minecraft:potion":1,"minecraft:golden_boots":1,"minecraft:prismarine_crystals":361,"minecraft:golden_chestplate":2,"minecraft:leather_boots":1,"minecraft:arrow":64,"minecraft:bow":1,"minecraft:player_head":82,"minecraft:iron_sword":1,"minecraft:cobblestone":14},"minecraft:custom":{"minecraft:time_since_rest":70356,"minecraft:damage_taken":110,"minecraft:sprint_one_cm":180810,"minecraft:walk_one_cm":227325,"minecraft:damage_absorbed":30,"minecraft:mob_kills":3,"minecraft:drop":33,"minecraft:damage_dealt":600,"minecraft:fly_one_cm":191051,"minecraft:crouch_one_cm":20876,"minecraft:play_time":70356,"minecraft:sneak_time":2453,"minecraft:jump":292,"minecraft:leave_game":4,"minecraft:time_since_death":70356,"minecraft:total_world_time":70356,"minecraft:fall_one_cm":115798},"minecraft:used":{"minecraft:iron_sword":3,"minecraft:potion":1}},"DataVersion":2730}