{"stats":{"minecraft:custom":{"minecraft:time_since_rest":77791,"minecraft:open_chest":6,"minecraft:crouch_one_cm":1153,"minecraft:sprint_one_cm":138055,"minecraft:play_time":82282,"minecraft:damage_taken":0,"minecraft:deaths":2,"minecraft:walk_one_cm":222017,"minecraft:sneak_time":132,"minecraft:mob_kills":20,"minecraft:drop":9,"minecraft:jump":231,"minecraft:damage_dealt":400,"minecraft:leave_game":4,"minecraft:time_since_death":77710,"minecraft:total_world_time":82282,"minecraft:fall_one_cm":7890,"minecraft:fly_one_cm":161542},"minecraft:used":{"minecraft:golden_sword":1,"minecraft:iron_sword":4,"minecraft:zombie_spawn_egg":1},"minecraft:picked_up":{"minecraft:zombie_spawn_egg":4,"minecraft:rotten_flesh":2,"minecraft:filled_map":1,"minecraft:player_head":8,"minecraft:gold_ingot":1,"minecraft:cobblestone":18},"minecraft:killed":{"minecraft:zombie":2,"minecraft:enderman":18},"minecraft:dropped":{"minecraft:rotten_flesh":1,"minecraft:golden_helmet":1,"minecraft:player_head":8,"minecraft:stone_sword":1,"minecraft:black_stained_glass_pane":1,"minecraft:ender_pearl":1,"minecraft:gold_ingot":2}},"DataVersion":2730}