{"stats":{"minecraft:dropped":{"minecraft:iron_sword":3,"minecraft:stone_pickaxe":1,"minecraft:player_head":2,"minecraft:blaze_rod":3,"minecraft:nether_star":1,"minecraft:prismarine_shard":10},"minecraft:picked_up":{"minecraft:spyglass":2,"minecraft:stone_pickaxe":1,"minecraft:player_head":2,"minecraft:cobblestone":84},"minecraft:custom":{"minecraft:time_since_rest":28752,"minecraft:open_chest":4,"minecraft:crouch_one_cm":322,"minecraft:sprint_one_cm":54629,"minecraft:play_time":28752,"minecraft:walk_one_cm":116741,"minecraft:sneak_time":86,"minecraft:drop":12,"minecraft:jump":251,"minecraft:leave_game":4,"minecraft:time_since_death":28752,"minecraft:total_world_time":28752,"minecraft:fly_one_cm":59811,"minecraft:fall_one_cm":633},"minecraft:used":{"minecraft:leather_leggings":1,"minecraft:spyglass":16,"minecraft:leather_chestplate":1,"minecraft:leather_boots":1}},"DataVersion":2730}