{"stats":{"minecraft:dropped":{"minecraft:enchanted_book":72,"minecraft:gold_ore":2,"minecraft:iron_ingot":2,"minecraft:clay":1,"minecraft:iron_sword":1974,"minecraft:dark_oak_stairs":1,"minecraft:wheat_seeds":4,"minecraft:lapis_lazuli":10,"minecraft:diamond_axe":2,"minecraft:ender_pearl":4,"minecraft:diamond":1,"minecraft:nether_star":156,"minecraft:diamond_leggings":1,"minecraft:prismarine_shard":7,"minecraft:feather":2,"minecraft:barrier":113,"minecraft:cobblestone":2483,"minecraft:book":38,"minecraft:leather":1,"minecraft:lime_stained_glass_pane":2,"minecraft:warped_hyphae":1,"minecraft:bedrock":3,"minecraft:grass_block":34,"minecraft:enderman_spawn_egg":1,"minecraft:coal":54,"minecraft:leather_helmet":6,"minecraft:stick":25,"minecraft:structure_void":1,"minecraft:polished_andesite":2,"minecraft:cod":5,"minecraft:emerald":1,"minecraft:cyan_terracotta":4,"minecraft:dirt":1,"minecraft:redstone_lamp":1,"minecraft:ink_sac":2,"minecraft:sponge":1,"minecraft:black_stained_glass_pane":5,"minecraft:torch":2,"minecraft:mutton":6,"minecraft:wooden_sword":3,"minecraft:gold_nugget":1,"minecraft:white_banner":5,"minecraft:paper":9,"minecraft:chainmail_leggings":7,"minecraft:fishing_rod":2,"minecraft:white_wool":2,"minecraft:gray_carpet":1,"minecraft:end_crystal":2,"minecraft:gold_ingot":1,"minecraft:bone":8,"minecraft:anvil":8,"minecraft:magenta_stained_glass":1,"minecraft:zombie_spawn_egg":83,"minecraft:spyglass":2,"minecraft:player_head":841,"minecraft:nether_wart":9,"minecraft:blaze_rod":13,"minecraft:netherite_sword":6,"minecraft:wheat":1,"minecraft:chicken":1,"minecraft:rotten_flesh":4752,"minecraft:wither_skeleton_skull":67,"minecraft:iron_boots":7,"minecraft:diamond_shovel":3,"minecraft:end_stone":1,"minecraft:glowstone_dust":820,"minecraft:carrot":2,"minecraft:flint_and_steel":1,"minecraft:chainmail_chestplate":1,"minecraft:filled_map":14,"minecraft:diamond_sword":19,"minecraft:firework_star":200,"minecraft:poppy":1,"minecraft:leather_chestplate":5,"minecraft:potato":8,"minecraft:stone":10,"minecraft:flower_pot":1,"minecraft:diamond_chestplate":6,"minecraft:skeleton_skull":3,"minecraft:diamond_pickaxe":2,"minecraft:charcoal":8,"minecraft:leather_boots":3,"minecraft:chest":1,"minecraft:golden_sword":2,"minecraft:leather_leggings":17,"minecraft:cow_spawn_egg":1920,"minecraft:diamond_boots":5,"minecraft:iron_ore":16,"minecraft:beacon":11,"minecraft:arrow":1313,"minecraft:bow":39,"minecraft:wooden_pickaxe":2},"minecraft:killed":{"minecraft:zombified_piglin":10,"minecraft:endermite":16,"minecraft:zoglin":8,"minecraft:wither":5,"minecraft:horse":1,"minecraft:mule":1,"minecraft:guardian":1,"minecraft:bee":1,"minecraft:chicken":2,"minecraft:cat":3,"minecraft:magma_cube":292,"minecraft:wolf":6,"minecraft:elder_guardian":2,"minecraft:iron_golem":1,"minecraft:creeper":2,"minecraft:squid":1,"minecraft:sheep":3,"minecraft:zombie":248,"minecraft:mooshroom":47,"minecraft:wither_skeleton":10,"minecraft:villager":4,"minecraft:blaze":14,"minecraft:enderman":18,"minecraft:cow":1},"minecraft:mined":{"minecraft:andesite":1,"minecraft:stone":2,"minecraft:white_wool":1,"minecraft:player_head":1,"minecraft:player_wall_head":1,"minecraft:crafting_table":1,"minecraft:torch":1,"minecraft:beacon":5,"minecraft:dirt":1,"minecraft:gray_carpet":2},"minecraft:killed_by":{"minecraft:enderman":1,"minecraft:blaze":2,"minecraft:zombie":25},"minecraft:custom":{"minecraft:interact_with_anvil":19,"minecraft:mob_kills":1272,"minecraft:inspect_hopper":7,"minecraft:interact_with_crafting_table":11,"minecraft:leave_game":443,"minecraft:time_since_death":916659,"minecraft:climb_one_cm":1449,"minecraft:sprint_one_cm":10453769,"minecraft:walk_one_cm":9302475,"minecraft:drop":1162,"minecraft:play_noteblock":31,"minecraft:talked_to_villager":96,"minecraft:play_time":12252554,"minecraft:deaths":259,"minecraft:sneak_time":90248,"minecraft:walk_under_water_one_cm":9287,"minecraft:jump":8567,"minecraft:enchant_item":28,"minecraft:walk_on_water_one_cm":12352,"minecraft:total_world_time":12252677,"minecraft:interact_with_furnace":2,"minecraft:tune_noteblock":55,"minecraft:time_since_rest":916661,"minecraft:damage_absorbed":2091,"minecraft:damage_taken":11235,"minecraft:damage_dealt":254335,"minecraft:interact_with_beacon":3,"minecraft:swim_one_cm":4848,"minecraft:fly_one_cm":8891902,"minecraft:open_chest":97,"minecraft:crouch_one_cm":939359,"minecraft:fish_caught":4,"minecraft:fall_one_cm":1722326},"minecraft:picked_up":{"minecraft:charcoal":34,"minecraft:firework_star":482,"minecraft:crafting_table":3,"minecraft:wheat":1,"minecraft:chicken":8,"minecraft:nether_wart":1,"minecraft:anvil":1,"minecraft:prismarine_shard":13,"minecraft:golden_pickaxe":2,"minecraft:leather_leggings":23,"minecraft:diamond_sword":19,"minecraft:wooden_pickaxe":1,"minecraft:wither_rose":1,"minecraft:enchanted_book":45,"minecraft:golden_sword":1,"minecraft:string":12,"minecraft:oak_trapdoor":2,"minecraft:wooden_sword":1,"minecraft:armor_stand":10,"minecraft:gold_nugget":1,"minecraft:netherite_sword":5,"minecraft:beef":380,"minecraft:player_head":884,"minecraft:diamond_hoe":1,"minecraft:iron_boots":7,"minecraft:stick":24,"minecraft:stone":1,"minecraft:torch":7,"minecraft:carrot":3,"minecraft:end_crystal":1,"minecraft:zombie_spawn_egg":14,"minecraft:arrow":221,"minecraft:rotten_flesh":6436,"minecraft:diamond_chestplate":10,"minecraft:cow_spawn_egg":173,"minecraft:diamond_boots":10,"minecraft:cyan_terracotta":1,"minecraft:gold_ingot":1,"minecraft:blaze_rod":10,"minecraft:mutton":30,"minecraft:cod":6,"minecraft:white_wool":29,"minecraft:cobblestone":2799,"minecraft:barrier":56,"minecraft:leather_chestplate":22,"minecraft:feather":8,"minecraft:magma_cream":1,"minecraft:andesite":1,"minecraft:leather":213,"minecraft:beacon":31,"minecraft:potato":12,"minecraft:filled_map":3,"minecraft:flint":1,"minecraft:bedrock":2,"minecraft:gunpowder":6,"minecraft:wither_skeleton_skull":62,"minecraft:lapis_lazuli":10,"minecraft:dirt":1,"minecraft:paper":9,"minecraft:white_banner":3,"minecraft:leather_boots":1,"minecraft:bone":21,"minecraft:gray_carpet":3,"minecraft:bow":29,"minecraft:wheat_seeds":10,"minecraft:iron_ingot":7,"minecraft:iron_ore":22,"minecraft:glowstone_dust":885,"minecraft:iron_sword":1004,"minecraft:book":36,"minecraft:enderman_spawn_egg":1,"minecraft:black_stained_glass_pane":130,"minecraft:ink_sac":2,"minecraft:grass_block":2,"minecraft:gold_ore":2,"minecraft:leather_helmet":6,"minecraft:polished_andesite":1,"minecraft:diamond":39,"minecraft:chainmail_leggings":12,"minecraft:diamond_axe":1,"minecraft:coal":53,"minecraft:nether_star":40,"minecraft:ender_pearl":222,"minecraft:diamond_pickaxe":2},"minecraft:broken":{"minecraft:diamond_sword":1},"minecraft:crafted":{"minecraft:iron_sword":7},"minecraft:used":{"minecraft:oak_trapdoor":1,"minecraft:enchanting_table":1,"minecraft:flint_and_steel":1,"minecraft:chest":2,"minecraft:iron_sword":5928,"minecraft:stone":60,"minecraft:zombie_spawn_egg":397,"minecraft:player_head":6,"minecraft:torch":1,"minecraft:mooshroom_spawn_egg":77,"minecraft:spyglass":23,"minecraft:anvil":1,"minecraft:chainmail_chestplate":1,"minecraft:cyan_terracotta":7,"minecraft:bookshelf":18,"minecraft:warped_hyphae":1,"minecraft:black_stained_glass_pane":1,"minecraft:grass_block":1,"minecraft:dark_oak_slab":2,"minecraft:bedrock":3,"minecraft:golden_sword":82,"minecraft:redstone_lamp":2,"minecraft:bow":342,"minecraft:dark_oak_stairs":1,"minecraft:leather_leggings":2,"minecraft:cow_spawn_egg":52,"minecraft:gray_carpet":2,"minecraft:polished_andesite":1,"minecraft:ender_pearl":14,"minecraft:wooden_pickaxe":1,"minecraft:beacon":1,"minecraft:diamond_axe":22,"minecraft:structure_void":2,"minecraft:leather_boots":4,"minecraft:magenta_stained_glass":2,"minecraft:white_wool":3,"minecraft:crafting_table":1,"minecraft:sponge":1,"minecraft:polar_bear_spawn_egg":3,"minecraft:end_stone":1,"minecraft:spruce_log":1,"minecraft:enderman_spawn_egg":7,"minecraft:flower_pot":1,"minecraft:diamond_pickaxe":7,"minecraft:oak_button":2,"minecraft:diamond_sword":220,"minecraft:fishing_rod":384,"minecraft:end_crystal":2,"minecraft:andesite":1,"minecraft:wither_rose":1,"minecraft:golden_pickaxe":4}},"DataVersion":2730}