{"stats":{"minecraft:custom":{"minecraft:jump":1,"minecraft:time_since_rest":16597,"minecraft:walk_on_water_one_cm":946,"minecraft:crouch_one_cm":35,"minecraft:play_one_minute":18165,"minecraft:walk_one_cm":1251,"minecraft:leave_game":4,"minecraft:sprint_one_cm":2512,"minecraft:damage_taken":90,"minecraft:time_since_death":16571,"minecraft:deaths":2,"minecraft:sneak_time":735,"minecraft:walk_under_water_one_cm":942,"minecraft:drop":1,"minecraft:fly_one_cm":514346},"minecraft:dropped":{"minecraft:wooden_axe":1}},"DataVersion":2584}