{
  "minecraft:recipes/misc/iron_nugget_from_blasting": {
    "criteria": {
      "has_iron_sword": "2022-12-12 19:36:46 +0100"
    },
    "done": true
  },
  "minecraft:recipes/redstone/dispenser": {
    "criteria": {
      "has_bow": "2022-12-12 19:36:46 +0100"
    },
    "done": true
  },
  "minecraft:recipes/decorations/chest": {
    "criteria": {
      "has_lots_of_items": "2022-12-12 19:36:46 +0100"
    },
    "done": true
  },
  "minecraft:adventure/root": {
    "criteria": {
      "killed_something": "2022-12-12 19:50:19 +0100"
    },
    "done": true
  },
  "minecraft:adventure/kill_a_mob": {
    "criteria": {
      "minecraft:zombified_piglin": "2022-12-12 19:57:00 +0100"
    },
    "done": true
  },
  "minecraft:recipes/misc/beacon": {
    "criteria": {
      "has_nether_star": "2022-12-12 19:36:46 +0100"
    },
    "done": true
  },
  "minecraft:adventure/kill_all_mobs": {
    "criteria": {
      "minecraft:blaze": "2022-12-12 19:57:08 +0100",
      "minecraft:zombified_piglin": "2022-12-12 19:57:00 +0100",
      "minecraft:wither_skeleton": "2022-12-12 19:57:04 +0100",
      "minecraft:enderman": "2022-12-12 20:03:27 +0100",
      "minecraft:zombie": "2022-12-12 19:59:55 +0100"
    },
    "done": false
  },
  "minecraft:recipes/misc/iron_nugget_from_smelting": {
    "criteria": {
      "has_iron_sword": "2022-12-12 19:36:46 +0100"
    },
    "done": true
  },
  "minecraft:adventure/shoot_arrow": {
    "criteria": {
      "shot_arrow": "2022-12-12 19:56:49 +0100"
    },
    "done": true
  },
  "minecraft:adventure/adventuring_time": {
    "criteria": {
      "minecraft:desert_hills": "2022-12-12 19:39:05 +0100",
      "minecraft:desert": "2022-12-12 19:30:12 +0100"
    },
    "done": false
  },
  "DataVersion": 2730
}