{"stats":{"minecraft:picked_up":{"minecraft:redstone_block":22,"minecraft:red_stained_glass":21,"minecraft:gray_stained_glass":35},"minecraft:used":{"minecraft:stone_bricks":1,"minecraft:blue_terracotta":1,"minecraft:cyan_terracotta":32,"minecraft:snow_block":2,"minecraft:light_blue_terracotta":4,"minecraft:warped_nylium":2,"minecraft:stone":82,"minecraft:end_stone":105,"minecraft:golden_pickaxe":1,"minecraft:crimson_planks":1},"minecraft:killed":{"minecraft:zombie":8},"minecraft:dropped":{"minecraft:snow_block":1,"minecraft:cyan_terracotta":1,"minecraft:blue_terracotta":1,"minecraft:stone":1,"minecraft:orange_stained_glass_pane":1,"minecraft:light_blue_terracotta":1},"minecraft:custom":{"minecraft:time_since_rest":452665,"minecraft:damage_taken":80,"minecraft:crouch_one_cm":928,"minecraft:sprint_one_cm":51557,"minecraft:play_time":452665,"minecraft:walk_one_cm":45689,"minecraft:sneak_time":3622,"minecraft:mob_kills":11,"minecraft:drop":6,"minecraft:jump":152,"minecraft:damage_dealt":2230,"minecraft:leave_game":15,"minecraft:walk_on_water_one_cm":3073,"minecraft:time_since_death":452665,"minecraft:climb_one_cm":290,"minecraft:total_world_time":496396,"minecraft:fall_one_cm":16913,"minecraft:fly_one_cm":1892176}},"DataVersion":2730}